{
	"textures": {
		"4": "animated_java:item/infinity_cave/red_tint/right_leg"
	},
	"elements": [
		{
			"from": [2.905, -9.445, 2.908],
			"to": [10.53, 8.027, 7.9585],
			"rotation": {
				"angle": 0,
				"axis": "y",
				"origin": [6.1, -9.445, 4.273]
			},
			"faces": {
				"north": {
					"uv": [2.5, 0, 5, 6.5],
					"texture": "#4"
				},
				"east": {
					"uv": [0, 6.5, 1.75, 13],
					"texture": "#4"
				},
				"south": {
					"uv": [0, 0, 2.5, 6.5],
					"texture": "#4"
				},
				"west": {
					"uv": [5, 0, 6.75, 6.5],
					"texture": "#4"
				},
				"up": {
					"uv": [4.5, 8.25, 2, 6.5],
					"rotation": 180,
					"texture": "#4"
				},
				"down": {
					"uv": [7, 6.5, 4.5, 8.25],
					"rotation": 180,
					"texture": "#4"
				}
			}
		}
	],
	"display": {
		"head": {
			"rotation": [0, 180, 0]
		}
	}
}