{
	"textures": {
		"0": "minecraft:block/end_rod",
		"1": "minecraft:block/gold_block",
		"2": "minecraft:block/iron_block",
		"particle": "minecraft:end_rod"
	},
	"elements": [
		{
			"from": [7, 1, 8],
			"to": [8, 9, 9],
			"rotation": {"angle": 0, "axis": "y", "origin": [0, 1, 0]},
			"faces": {
				"north": {"uv": [0, 0, 2, 15], "texture": "#0"},
				"east": {"uv": [0, 0, 2, 15], "texture": "#0"},
				"south": {"uv": [0, 0, 2, 15], "texture": "#0"},
				"west": {"uv": [0, 0, 2, 15], "texture": "#0"},
				"up": {"uv": [0, 0, 2, 7], "texture": "#0"},
				"down": {"uv": [0, 0, 2, 7], "texture": "#0"}
			}
		},
		{
			"from": [5, 0, 6],
			"to": [10, 1, 11],
			"rotation": {"angle": 0, "axis": "y", "origin": [0, 1, 0]},
			"faces": {
				"north": {"uv": [0, 0, 16, 4], "texture": "#2"},
				"east": {"uv": [0, 0, 16, 4], "texture": "#2"},
				"south": {"uv": [0, 0, 16, 4], "texture": "#2"},
				"west": {"uv": [0, 0, 16, 4], "texture": "#2"},
				"up": {"uv": [0, 0, 16, 16], "texture": "#2"},
				"down": {"uv": [0, 0, 16, 16], "texture": "#2"}
			}
		},
		{
			"from": [6, 9, 7],
			"to": [9, 11, 10],
			"rotation": {"angle": 0, "axis": "y", "origin": [0, 1, 0]},
			"faces": {
				"north": {"uv": [3, 6, 6, 8], "texture": "#1"},
				"east": {"uv": [3, 6, 6, 8], "texture": "#1"},
				"south": {"uv": [3, 6, 6, 8], "texture": "#1"},
				"west": {"uv": [3, 6, 6, 8], "texture": "#1"},
				"up": {"uv": [3, 6, 6, 9], "texture": "#1"},
				"down": {"uv": [3, 6, 6, 9], "texture": "#1"}
			}
		},
		{
			"from": [6, 18, 7],
			"to": [9, 20, 10],
			"rotation": {"angle": 0, "axis": "y", "origin": [0, 1, 0]},
			"faces": {
				"north": {"uv": [3, 6, 6, 8], "texture": "#1"},
				"east": {"uv": [3, 6, 6, 8], "texture": "#1"},
				"south": {"uv": [3, 6, 6, 8], "texture": "#1"},
				"west": {"uv": [3, 6, 6, 8], "texture": "#1"},
				"up": {"uv": [3, 6, 6, 9], "texture": "#1"},
				"down": {"uv": [3, 6, 6, 9], "texture": "#1"}
			}
		},
		{
			"from": [7, 8.8, 5],
			"to": [8, 10.8, 8],
			"rotation": {"angle": 0, "axis": "y", "origin": [0, -0.2, 0]},
			"faces": {
				"north": {"uv": [3, 6, 4, 8], "texture": "#1"},
				"east": {"uv": [3, 6, 6, 8], "texture": "#1"},
				"south": {"uv": [3, 6, 4, 8], "texture": "#1"},
				"west": {"uv": [3, 6, 6, 8], "texture": "#1"},
				"up": {"uv": [3, 6, 4, 9], "texture": "#1"},
				"down": {"uv": [3, 6, 4, 9], "texture": "#1"}
			}
		},
		{
			"from": [7, 12.8, 12.5],
			"to": [8, 15.8, 14.5],
			"rotation": {"angle": 0, "axis": "y", "origin": [0, -0.2, 0]},
			"faces": {
				"north": {"uv": [3, 6, 4, 9], "texture": "#1"},
				"east": {"uv": [3, 6, 5, 9], "texture": "#1"},
				"south": {"uv": [3, 6, 4, 9], "texture": "#1"},
				"west": {"uv": [3, 6, 5, 9], "texture": "#1"},
				"up": {"uv": [3, 6, 4, 8], "rotation": 180, "texture": "#1"},
				"down": {"uv": [3, 6, 4, 8], "rotation": 180, "texture": "#1"}
			}
		},
		{
			"from": [7, 17.8, 9],
			"to": [8, 19.8, 12],
			"rotation": {"angle": 0, "axis": "y", "origin": [0, -0.2, 0]},
			"faces": {
				"north": {"uv": [3, 6, 4, 8], "texture": "#1"},
				"east": {"uv": [3, 6, 6, 8], "texture": "#1"},
				"south": {"uv": [3, 6, 4, 8], "texture": "#1"},
				"west": {"uv": [3, 6, 6, 8], "texture": "#1"},
				"up": {"uv": [3, 6, 4, 9], "rotation": 180, "texture": "#1"},
				"down": {"uv": [3, 6, 4, 9], "rotation": 180, "texture": "#1"}
			}
		},
		{
			"from": [7, 15.8, 11.3],
			"to": [8, 17.8, 13.3],
			"rotation": {"angle": 0, "axis": "y", "origin": [0, -0.2, 0]},
			"faces": {
				"north": {"uv": [3, 6, 4, 8], "texture": "#1"},
				"east": {"uv": [3, 6, 5, 8], "texture": "#1"},
				"south": {"uv": [3, 6, 4, 8], "texture": "#1"},
				"west": {"uv": [3, 6, 5, 8], "texture": "#1"},
				"up": {"uv": [3, 6, 4, 8], "rotation": 180, "texture": "#1"},
				"down": {"uv": [3, 6, 4, 8], "rotation": 180, "texture": "#1"}
			}
		},
		{
			"from": [7, 12.8, 12.5],
			"to": [8, 15.8, 14.5],
			"rotation": {"angle": 0, "axis": "y", "origin": [0, -0.2, 0]},
			"faces": {
				"north": {"uv": [3, 6, 4, 9], "texture": "#1"},
				"east": {"uv": [3, 6, 5, 9], "texture": "#1"},
				"south": {"uv": [3, 6, 4, 9], "texture": "#1"},
				"west": {"uv": [3, 6, 5, 9], "texture": "#1"},
				"up": {"uv": [3, 6, 4, 8], "rotation": 180, "texture": "#1"},
				"down": {"uv": [3, 6, 4, 8], "rotation": 180, "texture": "#1"}
			}
		},
		{
			"from": [7, 10.8, 11.3],
			"to": [8, 12.8, 13.3],
			"rotation": {"angle": 0, "axis": "y", "origin": [0, -0.2, 0]},
			"faces": {
				"north": {"uv": [3, 6, 4, 8], "texture": "#1"},
				"east": {"uv": [3, 6, 5, 8], "texture": "#1"},
				"south": {"uv": [3, 6, 4, 8], "texture": "#1"},
				"west": {"uv": [3, 6, 5, 8], "texture": "#1"},
				"up": {"uv": [3, 6, 4, 8], "rotation": 180, "texture": "#1"},
				"down": {"uv": [3, 6, 4, 8], "rotation": 180, "texture": "#1"}
			}
		},
		{
			"from": [7, 8.8, 9],
			"to": [8, 10.8, 12],
			"rotation": {"angle": 0, "axis": "y", "origin": [0, -0.2, 0]},
			"faces": {
				"north": {"uv": [3, 6, 4, 8], "texture": "#1"},
				"east": {"uv": [3, 6, 6, 8], "texture": "#1"},
				"south": {"uv": [3, 6, 4, 8], "texture": "#1"},
				"west": {"uv": [3, 6, 6, 8], "texture": "#1"},
				"up": {"uv": [3, 6, 4, 9], "rotation": 180, "texture": "#1"},
				"down": {"uv": [3, 6, 4, 9], "rotation": 180, "texture": "#1"}
			}
		},
		{
			"from": [-1, 12.8, 15.5],
			"to": [0, 15.8, 17.5],
			"rotation": {"angle": 45, "axis": "y", "origin": [0, -0.2, 0]},
			"faces": {
				"north": {"uv": [3, 6, 4, 9], "texture": "#1"},
				"east": {"uv": [3, 6, 5, 9], "texture": "#1"},
				"south": {"uv": [3, 6, 4, 9], "texture": "#1"},
				"west": {"uv": [3, 6, 5, 9], "texture": "#1"},
				"up": {"uv": [3, 6, 4, 8], "rotation": 180, "texture": "#1"},
				"down": {"uv": [3, 6, 4, 8], "rotation": 180, "texture": "#1"}
			}
		},
		{
			"from": [-1, 17.8, 12],
			"to": [0, 19.8, 15],
			"rotation": {"angle": 45, "axis": "y", "origin": [0, -0.2, 0]},
			"faces": {
				"north": {"uv": [3, 6, 4, 8], "texture": "#1"},
				"east": {"uv": [3, 6, 6, 8], "texture": "#1"},
				"south": {"uv": [3, 6, 4, 8], "texture": "#1"},
				"west": {"uv": [3, 6, 6, 8], "texture": "#1"},
				"up": {"uv": [3, 6, 4, 9], "rotation": 180, "texture": "#1"},
				"down": {"uv": [3, 6, 4, 9], "rotation": 180, "texture": "#1"}
			}
		},
		{
			"from": [-1, 15.8, 14.3],
			"to": [0, 17.8, 16.3],
			"rotation": {"angle": 45, "axis": "y", "origin": [0, -0.2, 0]},
			"faces": {
				"north": {"uv": [3, 6, 4, 8], "texture": "#1"},
				"east": {"uv": [3, 6, 5, 8], "texture": "#1"},
				"south": {"uv": [3, 6, 4, 8], "texture": "#1"},
				"west": {"uv": [3, 6, 5, 8], "texture": "#1"},
				"up": {"uv": [3, 6, 4, 8], "rotation": 180, "texture": "#1"},
				"down": {"uv": [3, 6, 4, 8], "rotation": 180, "texture": "#1"}
			}
		},
		{
			"from": [-1, 12.8, 15.5],
			"to": [0, 15.8, 17.5],
			"rotation": {"angle": 45, "axis": "y", "origin": [0, -0.2, 0]},
			"faces": {
				"north": {"uv": [3, 6, 4, 9], "texture": "#1"},
				"east": {"uv": [3, 6, 5, 9], "texture": "#1"},
				"south": {"uv": [3, 6, 4, 9], "texture": "#1"},
				"west": {"uv": [3, 6, 5, 9], "texture": "#1"},
				"up": {"uv": [3, 6, 4, 8], "rotation": 180, "texture": "#1"},
				"down": {"uv": [3, 6, 4, 8], "rotation": 180, "texture": "#1"}
			}
		},
		{
			"from": [-1, 10.8, 14.3],
			"to": [0, 12.8, 16.3],
			"rotation": {"angle": 45, "axis": "y", "origin": [0, -0.2, 0]},
			"faces": {
				"north": {"uv": [3, 6, 4, 8], "texture": "#1"},
				"east": {"uv": [3, 6, 5, 8], "texture": "#1"},
				"south": {"uv": [3, 6, 4, 8], "texture": "#1"},
				"west": {"uv": [3, 6, 5, 8], "texture": "#1"},
				"up": {"uv": [3, 6, 4, 8], "rotation": 180, "texture": "#1"},
				"down": {"uv": [3, 6, 4, 8], "rotation": 180, "texture": "#1"}
			}
		},
		{
			"from": [-1, 8.8, 12],
			"to": [0, 10.8, 15],
			"rotation": {"angle": 45, "axis": "y", "origin": [0, -0.2, 0]},
			"faces": {
				"north": {"uv": [3, 6, 4, 8], "texture": "#1"},
				"east": {"uv": [3, 6, 6, 8], "texture": "#1"},
				"south": {"uv": [3, 6, 4, 8], "texture": "#1"},
				"west": {"uv": [3, 6, 6, 8], "texture": "#1"},
				"up": {"uv": [3, 6, 4, 9], "rotation": 180, "texture": "#1"},
				"down": {"uv": [3, 6, 4, 9], "rotation": 180, "texture": "#1"}
			}
		},
		{
			"from": [11, 12.8, -5.5],
			"to": [12, 15.8, -3.5],
			"rotation": {"angle": -45, "axis": "y", "origin": [0, -0.2, 0]},
			"faces": {
				"north": {"uv": [3, 6, 4, 9], "texture": "#1"},
				"east": {"uv": [3, 6, 5, 9], "texture": "#1"},
				"south": {"uv": [3, 6, 4, 9], "texture": "#1"},
				"west": {"uv": [3, 6, 5, 9], "texture": "#1"},
				"up": {"uv": [3, 6, 4, 8], "texture": "#1"},
				"down": {"uv": [3, 6, 4, 8], "texture": "#1"}
			}
		},
		{
			"from": [11, 17.8, -3],
			"to": [12, 19.8, 0],
			"rotation": {"angle": -45, "axis": "y", "origin": [0, -0.2, 0]},
			"faces": {
				"north": {"uv": [3, 6, 4, 8], "texture": "#1"},
				"east": {"uv": [3, 6, 6, 8], "texture": "#1"},
				"south": {"uv": [3, 6, 4, 8], "texture": "#1"},
				"west": {"uv": [3, 6, 6, 8], "texture": "#1"},
				"up": {"uv": [3, 6, 4, 9], "texture": "#1"},
				"down": {"uv": [3, 6, 4, 9], "texture": "#1"}
			}
		},
		{
			"from": [11, 15.8, -4.3],
			"to": [12, 17.8, -2.3],
			"rotation": {"angle": -45, "axis": "y", "origin": [0, -0.2, 0]},
			"faces": {
				"north": {"uv": [3, 6, 4, 8], "texture": "#1"},
				"east": {"uv": [3, 6, 5, 8], "texture": "#1"},
				"south": {"uv": [3, 6, 4, 8], "texture": "#1"},
				"west": {"uv": [3, 6, 5, 8], "texture": "#1"},
				"up": {"uv": [3, 6, 4, 8], "texture": "#1"},
				"down": {"uv": [3, 6, 4, 8], "texture": "#1"}
			}
		},
		{
			"from": [11, 12.8, -5.5],
			"to": [12, 15.8, -3.5],
			"rotation": {"angle": -45, "axis": "y", "origin": [0, -0.2, 0]},
			"faces": {
				"north": {"uv": [3, 6, 4, 9], "texture": "#1"},
				"east": {"uv": [3, 6, 5, 9], "texture": "#1"},
				"south": {"uv": [3, 6, 4, 9], "texture": "#1"},
				"west": {"uv": [3, 6, 5, 9], "texture": "#1"},
				"up": {"uv": [3, 6, 4, 8], "texture": "#1"},
				"down": {"uv": [3, 6, 4, 8], "texture": "#1"}
			}
		},
		{
			"from": [11, 10.8, -4.3],
			"to": [12, 12.8, -2.3],
			"rotation": {"angle": -45, "axis": "y", "origin": [0, -0.2, 0]},
			"faces": {
				"north": {"uv": [3, 6, 4, 8], "texture": "#1"},
				"east": {"uv": [3, 6, 5, 8], "texture": "#1"},
				"south": {"uv": [3, 6, 4, 8], "texture": "#1"},
				"west": {"uv": [3, 6, 5, 8], "texture": "#1"},
				"up": {"uv": [3, 6, 4, 8], "texture": "#1"},
				"down": {"uv": [3, 6, 4, 8], "texture": "#1"}
			}
		},
		{
			"from": [11, 8.8, -3],
			"to": [12, 10.8, 0],
			"rotation": {"angle": -45, "axis": "y", "origin": [0, -0.2, 0]},
			"faces": {
				"north": {"uv": [3, 6, 4, 8], "texture": "#1"},
				"east": {"uv": [3, 6, 6, 8], "texture": "#1"},
				"south": {"uv": [3, 6, 4, 8], "texture": "#1"},
				"west": {"uv": [3, 6, 6, 8], "texture": "#1"},
				"up": {"uv": [3, 6, 4, 9], "texture": "#1"},
				"down": {"uv": [3, 6, 4, 9], "texture": "#1"}
			}
		},
		{
			"from": [11, 12.8, 4.7],
			"to": [12, 15.8, 6.7],
			"rotation": {"angle": -45, "axis": "y", "origin": [0, -0.2, 0]},
			"faces": {
				"north": {"uv": [3, 6, 4, 9], "texture": "#1"},
				"east": {"uv": [3, 6, 5, 9], "texture": "#1"},
				"south": {"uv": [3, 6, 4, 9], "texture": "#1"},
				"west": {"uv": [3, 6, 5, 9], "texture": "#1"},
				"up": {"uv": [3, 6, 4, 8], "rotation": 180, "texture": "#1"},
				"down": {"uv": [3, 6, 4, 8], "rotation": 180, "texture": "#1"}
			}
		},
		{
			"from": [11, 17.8, 1.2],
			"to": [12, 19.8, 4.2],
			"rotation": {"angle": -45, "axis": "y", "origin": [0, -0.2, 0]},
			"faces": {
				"north": {"uv": [3, 6, 4, 8], "texture": "#1"},
				"east": {"uv": [3, 6, 6, 8], "texture": "#1"},
				"south": {"uv": [3, 6, 4, 8], "texture": "#1"},
				"west": {"uv": [3, 6, 6, 8], "texture": "#1"},
				"up": {"uv": [3, 6, 4, 9], "rotation": 180, "texture": "#1"},
				"down": {"uv": [3, 6, 4, 9], "rotation": 180, "texture": "#1"}
			}
		},
		{
			"from": [11, 15.8, 3.5],
			"to": [12, 17.8, 5.5],
			"rotation": {"angle": -45, "axis": "y", "origin": [0, -0.2, 0]},
			"faces": {
				"north": {"uv": [3, 6, 4, 8], "texture": "#1"},
				"east": {"uv": [3, 6, 5, 8], "texture": "#1"},
				"south": {"uv": [3, 6, 4, 8], "texture": "#1"},
				"west": {"uv": [3, 6, 5, 8], "texture": "#1"},
				"up": {"uv": [3, 6, 4, 8], "rotation": 180, "texture": "#1"},
				"down": {"uv": [3, 6, 4, 8], "rotation": 180, "texture": "#1"}
			}
		},
		{
			"from": [11, 12.8, 4.7],
			"to": [12, 15.8, 6.7],
			"rotation": {"angle": -45, "axis": "y", "origin": [0, -0.2, 0]},
			"faces": {
				"north": {"uv": [3, 6, 4, 9], "texture": "#1"},
				"east": {"uv": [3, 6, 5, 9], "texture": "#1"},
				"south": {"uv": [3, 6, 4, 9], "texture": "#1"},
				"west": {"uv": [3, 6, 5, 9], "texture": "#1"},
				"up": {"uv": [3, 6, 4, 8], "rotation": 180, "texture": "#1"},
				"down": {"uv": [3, 6, 4, 8], "rotation": 180, "texture": "#1"}
			}
		},
		{
			"from": [11, 10.8, 3.5],
			"to": [12, 12.8, 5.5],
			"rotation": {"angle": -45, "axis": "y", "origin": [0, -0.2, 0]},
			"faces": {
				"north": {"uv": [3, 6, 4, 8], "texture": "#1"},
				"east": {"uv": [3, 6, 5, 8], "texture": "#1"},
				"south": {"uv": [3, 6, 4, 8], "texture": "#1"},
				"west": {"uv": [3, 6, 5, 8], "texture": "#1"},
				"up": {"uv": [3, 6, 4, 8], "rotation": 180, "texture": "#1"},
				"down": {"uv": [3, 6, 4, 8], "rotation": 180, "texture": "#1"}
			}
		},
		{
			"from": [11, 8.8, 1.2],
			"to": [12, 10.8, 4.2],
			"rotation": {"angle": -45, "axis": "y", "origin": [0, -0.2, 0]},
			"faces": {
				"north": {"uv": [3, 6, 4, 8], "texture": "#1"},
				"east": {"uv": [3, 6, 6, 8], "texture": "#1"},
				"south": {"uv": [3, 6, 4, 8], "texture": "#1"},
				"west": {"uv": [3, 6, 6, 8], "texture": "#1"},
				"up": {"uv": [3, 6, 4, 9], "rotation": 180, "texture": "#1"},
				"down": {"uv": [3, 6, 4, 9], "rotation": 180, "texture": "#1"}
			}
		},
		{
			"from": [11.6, 12.8, 8],
			"to": [13.6, 15.8, 9],
			"rotation": {"angle": 0, "axis": "y", "origin": [0, -0.2, 0]},
			"faces": {
				"north": {"uv": [3, 6, 5, 9], "texture": "#1"},
				"east": {"uv": [3, 6, 4, 9], "texture": "#1"},
				"south": {"uv": [3, 6, 5, 9], "texture": "#1"},
				"west": {"uv": [3, 6, 4, 9], "texture": "#1"},
				"up": {"uv": [3, 6, 4, 8], "rotation": 90, "texture": "#1"},
				"down": {"uv": [3, 6, 4, 8], "rotation": 270, "texture": "#1"}
			}
		},
		{
			"from": [8.1, 17.8, 8],
			"to": [11.1, 19.8, 9],
			"rotation": {"angle": 0, "axis": "y", "origin": [0, -0.2, 0]},
			"faces": {
				"north": {"uv": [3, 6, 6, 8], "texture": "#1"},
				"east": {"uv": [3, 6, 4, 8], "texture": "#1"},
				"south": {"uv": [3, 6, 6, 8], "texture": "#1"},
				"west": {"uv": [3, 6, 4, 8], "texture": "#1"},
				"up": {"uv": [3, 6, 4, 9], "rotation": 90, "texture": "#1"},
				"down": {"uv": [3, 6, 4, 9], "rotation": 270, "texture": "#1"}
			}
		},
		{
			"from": [10.4, 15.8, 8],
			"to": [12.4, 17.8, 9],
			"rotation": {"angle": 0, "axis": "y", "origin": [0, -0.2, 0]},
			"faces": {
				"north": {"uv": [3, 6, 5, 8], "texture": "#1"},
				"east": {"uv": [3, 6, 4, 8], "texture": "#1"},
				"south": {"uv": [3, 6, 5, 8], "texture": "#1"},
				"west": {"uv": [3, 6, 4, 8], "texture": "#1"},
				"up": {"uv": [3, 6, 4, 8], "rotation": 90, "texture": "#1"},
				"down": {"uv": [3, 6, 4, 8], "rotation": 270, "texture": "#1"}
			}
		},
		{
			"from": [11.6, 12.8, 8],
			"to": [13.6, 15.8, 9],
			"rotation": {"angle": 0, "axis": "y", "origin": [0, -0.2, 0]},
			"faces": {
				"north": {"uv": [3, 6, 5, 9], "texture": "#1"},
				"east": {"uv": [3, 6, 4, 9], "texture": "#1"},
				"south": {"uv": [3, 6, 5, 9], "texture": "#1"},
				"west": {"uv": [3, 6, 4, 9], "texture": "#1"},
				"up": {"uv": [3, 6, 4, 8], "rotation": 90, "texture": "#1"},
				"down": {"uv": [3, 6, 4, 8], "rotation": 270, "texture": "#1"}
			}
		},
		{
			"from": [10.4, 10.8, 8],
			"to": [12.4, 12.8, 9],
			"rotation": {"angle": 0, "axis": "y", "origin": [0, -0.2, 0]},
			"faces": {
				"north": {"uv": [3, 6, 5, 8], "texture": "#1"},
				"east": {"uv": [3, 6, 4, 8], "texture": "#1"},
				"south": {"uv": [3, 6, 5, 8], "texture": "#1"},
				"west": {"uv": [3, 6, 4, 8], "texture": "#1"},
				"up": {"uv": [3, 6, 4, 8], "rotation": 90, "texture": "#1"},
				"down": {"uv": [3, 6, 4, 8], "rotation": 270, "texture": "#1"}
			}
		},
		{
			"from": [8.1, 8.8, 8],
			"to": [11.1, 10.8, 9],
			"rotation": {"angle": 0, "axis": "y", "origin": [0, -0.2, 0]},
			"faces": {
				"north": {"uv": [3, 6, 6, 8], "texture": "#1"},
				"east": {"uv": [3, 6, 4, 8], "texture": "#1"},
				"south": {"uv": [3, 6, 6, 8], "texture": "#1"},
				"west": {"uv": [3, 6, 4, 8], "texture": "#1"},
				"up": {"uv": [3, 6, 4, 9], "rotation": 90, "texture": "#1"},
				"down": {"uv": [3, 6, 4, 9], "rotation": 270, "texture": "#1"}
			}
		},
		{
			"from": [1.4, 12.8, 8],
			"to": [3.4, 15.8, 9],
			"rotation": {"angle": 0, "axis": "y", "origin": [0, -0.2, 0]},
			"faces": {
				"north": {"uv": [3, 6, 5, 9], "texture": "#1"},
				"east": {"uv": [3, 6, 4, 9], "texture": "#1"},
				"south": {"uv": [3, 6, 5, 9], "texture": "#1"},
				"west": {"uv": [3, 6, 4, 9], "texture": "#1"},
				"up": {"uv": [3, 6, 4, 8], "rotation": 270, "texture": "#1"},
				"down": {"uv": [3, 6, 4, 8], "rotation": 90, "texture": "#1"}
			}
		},
		{
			"from": [3.9, 17.8, 8],
			"to": [6.9, 19.8, 9],
			"rotation": {"angle": 0, "axis": "y", "origin": [0, -0.2, 0]},
			"faces": {
				"north": {"uv": [3, 6, 6, 8], "texture": "#1"},
				"east": {"uv": [3, 6, 4, 8], "texture": "#1"},
				"south": {"uv": [3, 6, 6, 8], "texture": "#1"},
				"west": {"uv": [3, 6, 4, 8], "texture": "#1"},
				"up": {"uv": [3, 6, 4, 9], "rotation": 270, "texture": "#1"},
				"down": {"uv": [3, 6, 4, 9], "rotation": 90, "texture": "#1"}
			}
		},
		{
			"from": [2.6, 15.8, 8],
			"to": [4.6, 17.8, 9],
			"rotation": {"angle": 0, "axis": "y", "origin": [0, -0.2, 0]},
			"faces": {
				"north": {"uv": [3, 6, 5, 8], "texture": "#1"},
				"east": {"uv": [3, 6, 4, 8], "texture": "#1"},
				"south": {"uv": [3, 6, 5, 8], "texture": "#1"},
				"west": {"uv": [3, 6, 4, 8], "texture": "#1"},
				"up": {"uv": [3, 6, 4, 8], "rotation": 270, "texture": "#1"},
				"down": {"uv": [3, 6, 4, 8], "rotation": 90, "texture": "#1"}
			}
		},
		{
			"from": [1.4, 12.8, 8],
			"to": [3.4, 15.8, 9],
			"rotation": {"angle": 0, "axis": "y", "origin": [0, -0.2, 0]},
			"faces": {
				"north": {"uv": [3, 6, 5, 9], "texture": "#1"},
				"east": {"uv": [3, 6, 4, 9], "texture": "#1"},
				"south": {"uv": [3, 6, 5, 9], "texture": "#1"},
				"west": {"uv": [3, 6, 4, 9], "texture": "#1"},
				"up": {"uv": [3, 6, 4, 8], "rotation": 270, "texture": "#1"},
				"down": {"uv": [3, 6, 4, 8], "rotation": 90, "texture": "#1"}
			}
		},
		{
			"from": [2.6, 10.8, 8],
			"to": [4.6, 12.8, 9],
			"rotation": {"angle": 0, "axis": "y", "origin": [0, -0.2, 0]},
			"faces": {
				"north": {"uv": [3, 6, 5, 8], "texture": "#1"},
				"east": {"uv": [3, 6, 4, 8], "texture": "#1"},
				"south": {"uv": [3, 6, 5, 8], "texture": "#1"},
				"west": {"uv": [3, 6, 4, 8], "texture": "#1"},
				"up": {"uv": [3, 6, 4, 8], "rotation": 270, "texture": "#1"},
				"down": {"uv": [3, 6, 4, 8], "rotation": 90, "texture": "#1"}
			}
		},
		{
			"from": [3.9, 8.8, 8],
			"to": [6.9, 10.8, 9],
			"rotation": {"angle": 0, "axis": "y", "origin": [0, -0.2, 0]},
			"faces": {
				"north": {"uv": [3, 6, 6, 8], "texture": "#1"},
				"east": {"uv": [3, 6, 4, 8], "texture": "#1"},
				"south": {"uv": [3, 6, 6, 8], "texture": "#1"},
				"west": {"uv": [3, 6, 4, 8], "texture": "#1"},
				"up": {"uv": [3, 6, 4, 9], "rotation": 270, "texture": "#1"},
				"down": {"uv": [3, 6, 4, 9], "rotation": 90, "texture": "#1"}
			}
		},
		{
			"from": [7.3, 17.8, 0],
			"to": [10.3, 19.8, 1],
			"rotation": {"angle": -45, "axis": "y", "origin": [0, -0.2, 0]},
			"faces": {
				"north": {"uv": [3, 6, 6, 8], "texture": "#1"},
				"east": {"uv": [3, 6, 4, 8], "texture": "#1"},
				"south": {"uv": [3, 6, 6, 8], "texture": "#1"},
				"west": {"uv": [3, 6, 4, 8], "texture": "#1"},
				"up": {"uv": [3, 6, 4, 9], "rotation": 270, "texture": "#1"},
				"down": {"uv": [3, 6, 4, 9], "rotation": 90, "texture": "#1"}
			}
		},
		{
			"from": [6, 15.8, 0],
			"to": [8, 17.8, 1],
			"rotation": {"angle": -45, "axis": "y", "origin": [0, -0.2, 0]},
			"faces": {
				"north": {"uv": [3, 6, 5, 8], "texture": "#1"},
				"east": {"uv": [3, 6, 4, 8], "texture": "#1"},
				"south": {"uv": [3, 6, 5, 8], "texture": "#1"},
				"west": {"uv": [3, 6, 4, 8], "texture": "#1"},
				"up": {"uv": [3, 6, 4, 8], "rotation": 270, "texture": "#1"},
				"down": {"uv": [3, 6, 4, 8], "rotation": 90, "texture": "#1"}
			}
		},
		{
			"from": [4.8, 12.8, 0],
			"to": [6.8, 15.8, 1],
			"rotation": {"angle": -45, "axis": "y", "origin": [0, -0.2, 0]},
			"faces": {
				"north": {"uv": [3, 6, 5, 9], "texture": "#1"},
				"east": {"uv": [3, 6, 4, 9], "texture": "#1"},
				"south": {"uv": [3, 6, 5, 9], "texture": "#1"},
				"west": {"uv": [3, 6, 4, 9], "texture": "#1"},
				"up": {"uv": [3, 6, 4, 8], "rotation": 270, "texture": "#1"},
				"down": {"uv": [3, 6, 4, 8], "rotation": 90, "texture": "#1"}
			}
		},
		{
			"from": [6, 10.8, 0],
			"to": [8, 12.8, 1],
			"rotation": {"angle": -45, "axis": "y", "origin": [0, -0.2, 0]},
			"faces": {
				"north": {"uv": [3, 6, 5, 8], "texture": "#1"},
				"east": {"uv": [3, 6, 4, 8], "texture": "#1"},
				"south": {"uv": [3, 6, 5, 8], "texture": "#1"},
				"west": {"uv": [3, 6, 4, 8], "texture": "#1"},
				"up": {"uv": [3, 6, 4, 8], "rotation": 270, "texture": "#1"},
				"down": {"uv": [3, 6, 4, 8], "rotation": 90, "texture": "#1"}
			}
		},
		{
			"from": [7.3, 8.8, 0],
			"to": [10.3, 10.8, 1],
			"rotation": {"angle": -45, "axis": "y", "origin": [0, -0.2, 0]},
			"faces": {
				"north": {"uv": [3, 6, 6, 8], "texture": "#1"},
				"east": {"uv": [3, 6, 4, 8], "texture": "#1"},
				"south": {"uv": [3, 6, 6, 8], "texture": "#1"},
				"west": {"uv": [3, 6, 4, 8], "texture": "#1"},
				"up": {"uv": [3, 6, 4, 9], "rotation": 270, "texture": "#1"},
				"down": {"uv": [3, 6, 4, 9], "rotation": 90, "texture": "#1"}
			}
		},
		{
			"from": [7, 17.8, 5],
			"to": [8, 19.8, 8],
			"rotation": {"angle": 0, "axis": "y", "origin": [0, -0.2, 0]},
			"faces": {
				"north": {"uv": [3, 6, 4, 8], "texture": "#1"},
				"east": {"uv": [3, 6, 6, 8], "texture": "#1"},
				"south": {"uv": [3, 6, 4, 8], "texture": "#1"},
				"west": {"uv": [3, 6, 6, 8], "texture": "#1"},
				"up": {"uv": [3, 6, 4, 9], "texture": "#1"},
				"down": {"uv": [3, 6, 4, 9], "texture": "#1"}
			}
		},
		{
			"from": [7, 10.8, 3.7],
			"to": [8, 12.8, 5.7],
			"rotation": {"angle": 0, "axis": "y", "origin": [0, -0.2, 0]},
			"faces": {
				"north": {"uv": [3, 6, 4, 8], "texture": "#1"},
				"east": {"uv": [3, 6, 5, 8], "texture": "#1"},
				"south": {"uv": [3, 6, 4, 8], "texture": "#1"},
				"west": {"uv": [3, 6, 5, 8], "texture": "#1"},
				"up": {"uv": [3, 6, 4, 8], "texture": "#1"},
				"down": {"uv": [3, 6, 4, 8], "texture": "#1"}
			}
		},
		{
			"from": [7, 15.8, 3.7],
			"to": [8, 17.8, 5.7],
			"rotation": {"angle": 0, "axis": "y", "origin": [0, -0.2, 0]},
			"faces": {
				"north": {"uv": [3, 6, 4, 8], "texture": "#1"},
				"east": {"uv": [3, 6, 5, 8], "texture": "#1"},
				"south": {"uv": [3, 6, 4, 8], "texture": "#1"},
				"west": {"uv": [3, 6, 5, 8], "texture": "#1"},
				"up": {"uv": [3, 6, 4, 8], "texture": "#1"},
				"down": {"uv": [3, 6, 4, 8], "texture": "#1"}
			}
		},
		{
			"from": [7, 12.8, 2.5],
			"to": [8, 15.8, 4.5],
			"rotation": {"angle": 0, "axis": "y", "origin": [0, -0.2, 0]},
			"faces": {
				"north": {"uv": [3, 6, 4, 9], "texture": "#1"},
				"east": {"uv": [3, 6, 5, 9], "texture": "#1"},
				"south": {"uv": [3, 6, 4, 9], "texture": "#1"},
				"west": {"uv": [3, 6, 5, 9], "texture": "#1"},
				"up": {"uv": [3, 6, 4, 8], "texture": "#1"},
				"down": {"uv": [3, 6, 4, 8], "texture": "#1"}
			}
		},
		{
			"from": [7, 12.8, 2.5],
			"to": [8, 15.8, 4.5],
			"rotation": {"angle": 0, "axis": "y", "origin": [0, -0.2, 0]},
			"faces": {
				"north": {"uv": [3, 6, 4, 9], "texture": "#1"},
				"east": {"uv": [3, 6, 5, 9], "texture": "#1"},
				"south": {"uv": [3, 6, 4, 9], "texture": "#1"},
				"west": {"uv": [3, 6, 5, 9], "texture": "#1"},
				"up": {"uv": [3, 6, 4, 8], "texture": "#1"},
				"down": {"uv": [3, 6, 4, 8], "texture": "#1"}
			}
		}
	],
	"display": {
		"thirdperson_righthand": {
			"translation": [0, 1.75, 0.75]
		},
		"thirdperson_lefthand": {
			"translation": [0, 1.75, -0.75]
		},
		"firstperson_righthand": {
			"translation": [2.5, 0, 0]
		},
		"firstperson_lefthand": {
			"translation": [1.75, 0, 0]
		},
		"ground": {
			"scale": [0.5, 0.5, 0.5]
		},
		"gui": {
			"rotation": [-5, 36, 20],
			"translation": [0.5, -1.5, 0],
			"scale": [0.8, 0.8, 0.8]
		},
		"fixed": {
			"translation": [0, -2, 0]
		}
	}
}