{
	"textures": {
		"5": "infinity_cave:item/curse_remover",
		"6": "infinity_cave:item/curse_remover_2",
		"particle": "infinity_cave:item/enchantlet_tier_1"
	},
	"elements": [
		{
			"from": [4.2, 1, 8.5],
			"to": [9, 9, 9],
			"faces": {
				"north": {"uv": [0, 0, 5, 8], "texture": "#5"},
				"east": {"uv": [0, 8, 1, 16], "texture": "#5"},
				"south": {"uv": [5, 0, 10, 8], "texture": "#5"},
				"west": {"uv": [1, 8, 2, 16], "texture": "#5"},
				"up": {"uv": [7, 9, 2, 8], "texture": "#5"},
				"down": {"uv": [12, 8, 7, 9], "texture": "#5"}
			}
		},
		{
			"from": [2.2, 1, 8.5],
			"to": [4.2, 5, 9],
			"faces": {
				"north": {"uv": [0, 0, 4, 8], "texture": "#6"},
				"east": {"uv": [0, 8, 2, 16], "texture": "#6"},
				"south": {"uv": [4, 0, 8, 8], "texture": "#6"},
				"west": {"uv": [8, 0, 10, 8], "texture": "#6"},
				"up": {"uv": [14, 2, 10, 0], "texture": "#6"},
				"down": {"uv": [14, 2, 10, 4], "texture": "#6"}
			}
		},
		{
			"from": [3.2, 5, 8.5],
			"to": [4.2, 9, 9],
			"faces": {
				"north": {"uv": [2, 8, 4, 16], "texture": "#6"},
				"east": {"uv": [4, 8, 6, 16], "texture": "#6"},
				"south": {"uv": [6, 8, 8, 16], "texture": "#6"},
				"west": {"uv": [8, 8, 10, 16], "texture": "#6"},
				"up": {"uv": [12, 6, 10, 4], "texture": "#6"},
				"down": {"uv": [12, 6, 10, 8], "texture": "#6"}
			}
		},
		{
			"from": [3.2, 9, 8.5],
			"to": [6.2, 9.4, 9],
			"faces": {
				"north": {"uv": [0, 0, 3, 1], "texture": "#6"},
				"east": {"uv": [3, 0, 4, 1], "texture": "#6"},
				"south": {"uv": [0, 1, 3, 2], "texture": "#6"},
				"west": {"uv": [3, 1, 4, 2], "texture": "#6"},
				"up": {"uv": [3, 3, 0, 2], "texture": "#6"},
				"down": {"uv": [3, 3, 0, 4], "texture": "#6"}
			}
		}
	],
	"display": {
		"thirdperson_righthand": {
			"translation": [2.5, 5.25, 0]
		},
		"thirdperson_lefthand": {
			"translation": [-2.5, 5.25, 0]
		},
		"firstperson_righthand": {
			"translation": [1.75, 5.75, 0]
		},
		"firstperson_lefthand": {
			"translation": [-2, 5.75, 0]
		},
		"ground": {
			"translation": [0, 3.5, 0]
		},
		"gui": {
			"translation": [4.75, 5.75, 0],
			"scale": [2, 2, 2]
		},
		"head": {
			"translation": [0, 4.25, 0]
		},
		"fixed": {
			"rotation": [0, 180, 0],
			"translation": [-5, 5.75, 0],
			"scale": [2, 2, 2]
		}
	},
	"groups": [
		{
			"name": "enchantlet_tier_1",
			"origin": [8, 8, 8],
			"color": 0,
			"children": [0, 1, 2, 3]
		}
	]
}